id,first_name,last_name,email,gender,country
1,Dmitri,Millican,dmillican0@google.pl,Male,Syria
2,Gayle,Greet,ggreet1@shinystat.com,Female,Ukraine
3,Chloette,O'Luney,coluney2@delicious.com,Female,China
4,Sloane,Dunks,sdunks3@wikimedia.org,Male,China
5,Pedro,Wohler,pwohler4@bing.com,Male,Portugal
6,Tris,Buckston,tbuckston5@woothemes.com,Male,Poland
7,Gabi,Maryan,gmaryan6@army.mil,Female,Mexico
8,Kelly,Lodovichi,klodovichi7@jigsy.com,Female,Indonesia
9,Joanne,Kepling,jkepling8@youtu.be,Female,Mali
10,Colet,Durnan,cdurnan9@noaa.gov,Male,Iraq
11,Wilie,Rouf,wroufa@nsw.gov.au,Female,Tunisia
12,Galvin,McKenney,gmckenneyb@ocn.ne.jp,Male,Costa Rica
13,Bessy,Goult,bgoultc@army.mil,Female,Sweden
14,Juline,Restall,jrestalld@over-blog.com,Female,China
15,Emlynne,Tuft,etufte@sciencedaily.com,Female,Kuwait
16,Albertina,Pentecost,apentecostf@economist.com,Female,Mexico
17,Connie,Mulcaster,cmulcasterg@arizona.edu,Male,France
18,Estevan,Dallaghan,edallaghanh@skyrock.com,Male,Thailand
19,Jasen,Ferrandez,jferrandezi@discuz.net,Male,Indonesia
20,Etheline,Steels,esteelsj@mashable.com,Female,Czech Republic
21,Anetta,Oloshkin,aoloshkink@posterous.com,Female,Czech Republic
22,Donn,Purselowe,dpurselowel@netlog.com,Male,Indonesia
23,Em,Sperwell,esperwellm@github.com,Female,United States
24,Darius,Collister,dcollistern@ehow.com,Male,Indonesia
25,Alanna,Simmers,asimmerso@whitehouse.gov,Female,Indonesia
26,Freeland,Rennock,frennockp@mozilla.org,Male,Indonesia
27,Neala,Sleightholm,nsleightholmq@yale.edu,Female,China
28,Matthew,Bolus,mbolusr@businesswire.com,Male,Portugal
29,Georgena,Winear,gwinears@de.vu,Female,China
30,Carlie,Hucquart,chucquartt@prlog.org,Female,Portugal
31,Birgit,Cansfield,bcansfieldu@dropbox.com,Female,Argentina
32,Cordula,Tooke,ctookev@slideshare.net,Female,Russia
33,Leeland,Delion,ldelionw@utexas.edu,Male,Sweden
34,Wileen,Olivelli,wolivellix@about.com,Female,Cameroon
35,Blane,Haglington,bhaglingtony@google.ru,Male,Canada
36,Elsworth,Hinchcliffe,ehinchcliffez@mysql.com,Male,Afghanistan
37,Becky,Inggall,binggall10@example.com,Female,Peru
38,Abel,Bumphries,abumphries11@cnet.com,Male,France
39,Gennifer,Choppen,gchoppen12@topsy.com,Female,Pakistan
40,King,McGoldrick,kmcgoldrick13@msn.com,Male,Greece
41,Gard,Iglesiaz,giglesiaz14@barnesandnoble.com,Male,Philippines
42,Garey,Sherme,gsherme15@ucla.edu,Male,Russia
43,Filippo,Gorvin,fgorvin16@cnet.com,Male,Portugal
44,Katusha,Dixon,kdixon17@homestead.com,Female,Indonesia
45,Forester,Burchess,fburchess18@mozilla.org,Male,China
46,Thatcher,Philippou,tphilippou19@cdbaby.com,Male,Nicaragua
47,Meryl,Allsop,mallsop1a@smugmug.com,Male,China
48,Netta,Showte,nshowte1b@usgs.gov,Female,Dominican Republic
49,Fern,Rainger,frainger1c@w3.org,Female,Indonesia
50,Sloan,Bris,sbris1d@angelfire.com,Male,Angola
51,Tabbitha,Kilban,tkilban1e@nydailynews.com,Female,Macedonia
52,Earle,Toma,etoma1f@cam.ac.uk,Male,France
53,Lorene,Delap,ldelap1g@dropbox.com,Female,Italy
54,Rikki,Voller,rvoller1h@chicagotribune.com,Male,Philippines
55,Rana,De Vaan,rdevaan1i@bigcartel.com,Female,Zimbabwe
56,Maggee,Bosley,mbosley1j@liveinternet.ru,Female,Bermuda
57,Marietta,Soffe,msoffe1k@taobao.com,Male,China
58,Redd,Zanicchelli,rzanicchelli1l@upenn.edu,Male,Japan
59,Hyacinthie,Jemmison,hjemmison1m@wsj.com,Female,China
60,Hyman,Besemer,hbesemer1n@drupal.org,Male,Mexico
61,Harri,Dannell,hdannell1o@pcworld.com,Female,Peru
62,Georgeta,Dillway,gdillway1p@qq.com,Female,Croatia
63,Man,Eglese,meglese1q@china.com.cn,Male,Indonesia
64,Cherye,O' Donohoe,codonohoe1r@printfriendly.com,Female,China
65,Shelbi,McAviy,smcaviy1s@360.cn,Female,Japan
66,Bale,Mc Carroll,bmccarroll1t@chron.com,Male,Democratic Republic of the Congo
67,Bryana,MacLeese,bmacleese1u@list-manage.com,Female,Bangladesh
68,Wilhelm,Basile,wbasile1v@clickbank.net,Male,United States
69,Morten,Daspar,mdaspar1w@goo.ne.jp,Male,Canada
70,Joaquin,Laxton,jlaxton1x@google.ca,Male,Indonesia
71,Ram,Joreau,rjoreau1y@pbs.org,Male,Colombia
72,Ardella,Alway,aalway1z@ebay.co.uk,Female,Syria
73,Lance,Drinkall,ldrinkall20@ft.com,Male,Poland
74,Connie,Kynson,ckynson21@google.nl,Female,China
75,Blondie,Flucks,bflucks22@va.gov,Female,Bangladesh
76,Aurthur,Dorken,adorken23@msn.com,Male,South Africa
77,Gizela,McCallam,gmccallam24@walmart.com,Female,China
78,Cam,Breedy,cbreedy25@nature.com,Male,China
79,Myrvyn,Bunyard,mbunyard26@nytimes.com,Male,Indonesia
80,Clyde,Plowman,cplowman27@earthlink.net,Male,Georgia
81,Ulysses,Dobrowolny,udobrowolny28@sakura.ne.jp,Male,France
82,Trefor,Villaret,tvillaret29@usa.gov,Male,Indonesia
83,Marcelo,Parades,mparades2a@google.pl,Male,Indonesia
84,Klarrisa,O'Mullally,komullally2b@ft.com,Female,China
85,Felice,Alyoshin,falyoshin2c@addtoany.com,Male,Sweden
86,Roger,O' Culligan,roculligan2d@cbslocal.com,Male,Serbia
87,Diego,Dunks,ddunks2e@flickr.com,Male,Japan
88,Hanny,Hurndall,hhurndall2f@fastcompany.com,Female,Croatia
89,Alano,Fone,afone2g@hao123.com,Male,Philippines
90,Chloris,Slaight,cslaight2h@e-recht24.de,Female,Croatia
91,Shelley,Vuittet,svuittet2i@lycos.com,Male,Brazil
92,Devlen,Sokell,dsokell2j@virginia.edu,Male,Thailand
93,Gardie,Oliphant,goliphant2k@mozilla.org,Male,Poland
94,Gusta,Adnam,gadnam2l@merriam-webster.com,Female,Uruguay
95,Berenice,Glasscoo,bglasscoo2m@biglobe.ne.jp,Female,China
96,Tamra,Harle,tharle2n@booking.com,Female,Indonesia
97,Leonore,De Atta,ldeatta2o@tinyurl.com,Female,Portugal
98,Cozmo,Cowitz,ccowitz2p@google.pl,Male,New Zealand
99,Sarene,Alecock,salecock2q@typepad.com,Female,Brazil
100,Cristabel,Acreman,cacreman2r@parallels.com,Female,Russia
101,Athena,Rhys,arhys2s@netlog.com,Female,Sweden
102,Kirstyn,Teager,kteager2t@biglobe.ne.jp,Female,Russia
103,Erny,Demer,edemer2u@go.com,Male,Indonesia
104,Chad,Di Giacomo,cdigiacomo2v@va.gov,Female,China
105,Ermentrude,Kennifeck,ekennifeck2w@sbwire.com,Female,China
106,Carmelia,Hinder,chinder2x@ask.com,Female,Czech Republic
107,Calv,Wanne,cwanne2y@yale.edu,Male,Czech Republic
108,Ethelin,Pirouet,epirouet2z@wsj.com,Female,Japan
109,Brannon,Elflain,belflain30@imdb.com,Male,Thailand
110,Desmund,Gelletly,dgelletly31@epa.gov,Male,Tunisia
111,Jasen,Satch,jsatch32@edublogs.org,Male,China
112,Terri-jo,McCreery,tmccreery33@ustream.tv,Female,Portugal
113,Manya,Routham,mroutham34@theatlantic.com,Female,Poland
114,Ellary,Gifkins,egifkins35@who.int,Male,Greece
115,Gregory,Trinbey,gtrinbey36@xinhuanet.com,Male,Philippines
116,Shayne,Sindle,ssindle37@state.gov,Male,Russia
117,Don,Niese,dniese38@eventbrite.com,Male,China
118,Buiron,Verrillo,bverrillo39@state.gov,Male,Indonesia
119,Corly,Lain,clain3a@hud.gov,Female,Niger
120,Jonis,McConachie,jmcconachie3b@mysql.com,Female,Russia
121,Alisun,Crock,acrock3c@archive.org,Female,Sweden
122,Ludovico,McGow,lmcgow3d@unc.edu,Male,Pakistan
123,Dario,Duckwith,dduckwith3e@exblog.jp,Male,Portugal
124,Nevil,Quilliam,nquilliam3f@is.gd,Male,Vietnam
125,Blondell,Hould,bhould3g@123-reg.co.uk,Female,Portugal
126,Fernande,Lightman,flightman3h@list-manage.com,Female,Philippines
127,Arnold,Milesap,amilesap3i@nature.com,Male,France
128,Trever,Leiden,tleiden3j@wordpress.org,Male,Bulgaria
129,Remy,Barthod,rbarthod3k@nationalgeographic.com,Female,Colombia
130,Vittoria,Brombell,vbrombell3l@irs.gov,Female,Syria
131,Beatriz,O'Hartnedy,bohartnedy3m@shop-pro.jp,Female,Czech Republic
132,Bendix,Gronw,bgronw3n@ucsd.edu,Male,Indonesia
133,Sky,Ferraro,sferraro3o@nifty.com,Male,China
134,Marco,Matissoff,mmatissoff3p@kickstarter.com,Male,Sweden
135,Gale,Grime,ggrime3q@bigcartel.com,Female,Togo
136,Aurelie,Haughian,ahaughian3r@wufoo.com,Female,Poland
137,Karry,Hamerton,khamerton3s@nydailynews.com,Female,China
138,Munroe,Heyburn,mheyburn3t@loc.gov,Male,Greece
139,Gerick,Maywood,gmaywood3u@blogs.com,Male,Zimbabwe
140,Cary,Carillo,ccarillo3v@paypal.com,Male,Indonesia
141,Sharl,Regus,sregus3w@cisco.com,Female,Jamaica
142,Osmond,Lanfere,olanfere3x@prlog.org,Male,Portugal
143,Jackie,Hefford,jhefford3y@cnet.com,Male,Mexico
144,Maure,Ebbetts,mebbetts3z@ustream.tv,Female,Ethiopia
145,Quintina,Glenwright,qglenwright40@salon.com,Female,Indonesia
146,Carolyn,Bolley,cbolley41@lycos.com,Female,Poland
147,Lari,Morlon,lmorlon42@timesonline.co.uk,Female,Sweden
148,Stephanie,Waddam,swaddam43@ebay.com,Female,Ukraine
149,Rosalyn,Mortell,rmortell44@un.org,Female,Philippines
150,Ida,Denys,idenys45@statcounter.com,Female,Japan
151,Siward,McUre,smcure46@artisteer.com,Male,Czech Republic
152,Quinlan,Francis,qfrancis47@histats.com,Male,Poland
153,Benedetta,Alven,balven48@irs.gov,Female,Indonesia
154,Colline,Keates,ckeates49@cnet.com,Female,Indonesia
155,Glenn,Glassard,gglassard4a@cargocollective.com,Female,Bosnia and Herzegovina
156,Alexia,Twallin,atwallin4b@t.co,Female,Sweden
157,Faith,Honack,fhonack4c@prlog.org,Female,Poland
158,Evangelin,Piolli,epiolli4d@cisco.com,Female,Slovenia
159,Hattie,Freer,hfreer4e@youtube.com,Female,Afghanistan
160,Zeb,Ely,zely4f@yelp.com,Male,Philippines
161,Byrom,Bispham,bbispham4g@wisc.edu,Male,China
162,Guy,Braker,gbraker4h@reverbnation.com,Male,Philippines
163,Ranique,Mablestone,rmablestone4i@exblog.jp,Female,Argentina
164,Mehetabel,Scare,mscare4j@nasa.gov,Female,Sweden
165,Sammy,Lilie,slilie4k@boston.com,Male,China
166,Renato,Down,rdown4l@ow.ly,Male,Colombia
167,Cal,Emerton,cemerton4m@youtu.be,Female,Thailand
168,Gabe,Hadye,ghadye4n@about.com,Male,Canada
169,Elisabetta,Quantrell,equantrell4o@themeforest.net,Female,Philippines
170,Chevalier,Kasman,ckasman4p@godaddy.com,Male,China
171,Bernardina,Putton,bputton4q@dagondesign.com,Female,Brazil
172,Isadora,Tutill,itutill4r@symantec.com,Female,Ukraine
173,Geralda,Breward,gbreward4s@acquirethisname.com,Female,Indonesia
174,Alvina,Barkus,abarkus4t@hatena.ne.jp,Female,Azerbaijan
175,Tallie,Gillham,tgillham4u@geocities.com,Male,Costa Rica
176,Mathilde,Brignell,mbrignell4v@nbcnews.com,Female,Philippines
177,Reid,Sulman,rsulman4w@rakuten.co.jp,Male,Indonesia
178,Boyd,Senogles,bsenogles4x@tripod.com,Male,Brazil
179,Celestia,Pechard,cpechard4y@symantec.com,Female,Ukraine
180,Christean,Teall,cteall4z@howstuffworks.com,Female,Portugal
181,Johnnie,Toy,jtoy50@altervista.org,Male,Philippines
182,Dolley,Norvill,dnorvill51@home.pl,Female,Azerbaijan
183,Amory,Partleton,apartleton52@yandex.ru,Male,Sweden
184,Melvyn,Pitkin,mpitkin53@seesaa.net,Male,Philippines
185,Dillon,Stalf,dstalf54@japanpost.jp,Male,Greece
186,Marius,Clemendot,mclemendot55@nature.com,Male,Argentina
187,Nonie,Rate,nrate56@oaic.gov.au,Female,Vietnam
188,Harp,Grigorian,hgrigorian57@dot.gov,Male,China
189,Hamid,Merrisson,hmerrisson58@pcworld.com,Male,Poland
190,Dennie,Harmar,dharmar59@unc.edu,Female,Sweden
191,Dennis,Stollwerk,dstollwerk5a@merriam-webster.com,Male,France
192,Madlen,Dolby,mdolby5b@hugedomains.com,Female,France
193,Donielle,Wiltshaw,dwiltshaw5c@va.gov,Female,Palestinian Territory
194,Sharia,Jaspar,sjaspar5d@elpais.com,Female,Indonesia
195,Wilt,Ruffles,wruffles5e@booking.com,Male,South Africa
196,Merci,Cogdon,mcogdon5f@360.cn,Female,Poland
197,Lilia,Astupenas,lastupenas5g@nyu.edu,Female,Papua New Guinea
198,Sabine,Reede,sreede5h@qq.com,Female,Sweden
199,Thatch,Glastonbury,tglastonbury5i@yahoo.com,Male,Venezuela
200,Quintilla,O'Lyhane,qolyhane5j@ox.ac.uk,Female,Indonesia
201,Erica,Wawer,ewawer5k@springer.com,Female,China
202,Angelita,Oman,aoman5l@jiathis.com,Female,Philippines
203,Berny,Crilly,bcrilly5m@networksolutions.com,Female,Philippines
204,Zaccaria,Reddie,zreddie5n@skype.com,Male,Brazil
205,Clayton,Ravenscraft,cravenscraft5o@foxnews.com,Male,Czech Republic
206,Garey,Trembey,gtrembey5p@booking.com,Male,Netherlands
207,Rodrigo,Playdon,rplaydon5q@weibo.com,Male,Sweden
208,Adham,McKmurrie,amckmurrie5r@drupal.org,Male,Thailand
209,Milo,Tomankiewicz,mtomankiewicz5s@51.la,Male,China
210,Kora,McBride,kmcbride5t@meetup.com,Female,Russia
211,Morris,Pash,mpash5u@ehow.com,Male,China
212,Merv,Clubb,mclubb5v@icio.us,Male,Russia
213,Rosette,De Andreis,rdeandreis5w@hc360.com,Female,Indonesia
214,Ash,Vanyakin,avanyakin5x@drupal.org,Male,Malaysia
215,Godfrey,Curme,gcurme5y@mediafire.com,Male,Portugal
216,Antonio,Feore,afeore5z@umich.edu,Male,Saint Kitts and Nevis
217,Tobit,Bartoszinski,tbartoszinski60@dyndns.org,Male,Libya
218,Rolando,Bartolomeoni,rbartolomeoni61@ow.ly,Male,Morocco
219,Briney,McGillicuddy,bmcgillicuddy62@samsung.com,Female,France
220,Bird,McMichell,bmcmichell63@constantcontact.com,Female,Indonesia
221,Skippie,Mettricke,smettricke64@imgur.com,Male,Sweden
222,Barde,Lightman,blightman65@wordpress.com,Male,Mexico
223,Rose,Tombleson,rtombleson66@mac.com,Female,China
224,Aleta,Landeaux,alandeaux67@discovery.com,Female,Poland
225,Ruttger,Mahon,rmahon68@1und1.de,Male,Indonesia
226,Reid,Cordier,rcordier69@google.pl,Male,Malaysia
227,Charis,Magner,cmagner6a@samsung.com,Female,Switzerland
228,Kiel,Glaves,kglaves6b@census.gov,Male,China
229,Chrotoem,Ayliffe,cayliffe6c@is.gd,Male,Colombia
230,Evita,Perigoe,eperigoe6d@infoseek.co.jp,Female,Nepal
231,Olly,Minnette,ominnette6e@intel.com,Female,Iran
232,Tonnie,Silbermann,tsilbermann6f@jalbum.net,Male,Brazil
233,Naoma,Healy,nhealy6g@icq.com,Female,Mexico
234,Celesta,Coldham,ccoldham6h@posterous.com,Female,Peru
235,Buck,Grog,bgrog6i@altervista.org,Male,China
236,Laurent,Johansson,ljohansson6j@toplist.cz,Male,Greece
237,Vite,Prescott,vprescott6k@1688.com,Male,China
238,Chico,Munsey,cmunsey6l@paypal.com,Male,Sweden
239,Carly,Pilsbury,cpilsbury6m@nih.gov,Male,Philippines
240,Brnaby,Buxy,bbuxy6n@si.edu,Male,Russia
241,Eleni,Kleimt,ekleimt6o@free.fr,Female,United States
242,Sophia,Abel,sabel6p@diigo.com,Female,Syria
243,Joellyn,McEnteggart,jmcenteggart6q@patch.com,Female,Brazil
244,Odette,Talloe,otalloe6r@ucoz.com,Female,Indonesia
245,Sully,Eldredge,seldredge6s@hostgator.com,Male,China
246,Ofelia,Lennard,olennard6t@paypal.com,Female,China
247,Yovonnda,Perrins,yperrins6u@si.edu,Female,Indonesia
248,Tobin,Steanson,tsteanson6v@miibeian.gov.cn,Male,Indonesia
249,Vic,Heigold,vheigold6w@mysql.com,Male,Germany
250,Binky,Comolli,bcomolli6x@soup.io,Male,Madagascar
251,Gonzalo,Cull,gcull6y@amazon.co.jp,Male,Brazil
252,Concordia,Bucklee,cbucklee6z@forbes.com,Female,Syria
253,Shir,Syne,ssyne70@drupal.org,Female,Russia
254,Bing,Fain,bfain71@xrea.com,Male,Thailand
255,Feodor,Hacker,fhacker72@myspace.com,Male,France
256,Rosalie,Armytage,rarmytage73@icq.com,Female,Brazil
257,Brigitta,Rolston,brolston74@epa.gov,Female,Czech Republic
258,Odelinda,Goom,ogoom75@nyu.edu,Female,Poland
259,Aleta,Hillborne,ahillborne76@dot.gov,Female,Philippines
260,Sibyl,Thoms,sthoms77@rambler.ru,Male,Moldova
261,Giordano,Ready,gready78@pen.io,Male,China
262,Skipton,Clouston,sclouston79@godaddy.com,Male,Philippines
263,Patin,Pott,ppott7a@house.gov,Male,China
264,Beltran,Normavell,bnormavell7b@cbslocal.com,Male,Czech Republic
265,Maurene,Silcox,msilcox7c@mlb.com,Female,Colombia
266,Thornie,Hesse,thesse7d@nba.com,Male,China
267,Renaldo,Sneezem,rsneezem7e@mozilla.org,Male,Libya
268,Corabel,Covil,ccovil7f@amazon.com,Female,New Zealand
269,Fredek,Checketts,fchecketts7g@fda.gov,Male,China
270,Matias,Gass,mgass7h@istockphoto.com,Male,Mauritius
271,Krissie,Sinkinson,ksinkinson7i@blogtalkradio.com,Female,Russia
272,Evie,Gager,egager7j@google.co.uk,Female,China
273,Barbara-anne,Snuggs,bsnuggs7k@paginegialle.it,Female,Malaysia
274,Brett,Lyard,blyard7l@mlb.com,Male,Philippines
275,Gar,Foulser,gfoulser7m@sphinn.com,Male,Indonesia
276,Cathyleen,Gosnall,cgosnall7n@blinklist.com,Female,Finland
277,Giraud,Schutt,gschutt7o@independent.co.uk,Male,Thailand
278,Karoly,Garritley,kgarritley7p@google.de,Male,Philippines
279,Germana,Gregoire,ggregoire7q@hexun.com,Female,Portugal
280,Elnar,Brealey,ebrealey7r@aboutads.info,Male,Japan
281,Salmon,Burnham,sburnham7s@histats.com,Male,Sweden
282,Gwynne,Saurat,gsaurat7t@artisteer.com,Female,Indonesia
283,Nance,Bond,nbond7u@independent.co.uk,Female,Ukraine
284,Falkner,Theis,ftheis7v@meetup.com,Male,Philippines
285,Adamo,Butt Gow,abuttgow7w@thetimes.co.uk,Male,Malaysia
286,Alfonso,Eidelman,aeidelman7x@nasa.gov,Male,Brazil
287,Allie,Widdows,awiddows7y@thetimes.co.uk,Male,Indonesia
288,Carson,LLelweln,cllelweln7z@themeforest.net,Male,Indonesia
289,Barnaby,Spaldin,bspaldin80@salon.com,Male,Russia
290,Meredithe,Collett,mcollett81@wikipedia.org,Female,Brazil
291,Cleavland,Saye,csaye82@livejournal.com,Male,Portugal
292,Garnet,Nassau,gnassau83@amazon.de,Female,Mexico
293,Kaylee,Petigrew,kpetigrew84@nps.gov,Female,Ukraine
294,Babara,Renvoys,brenvoys85@fema.gov,Female,China
295,Vannie,Ivett,vivett86@unblog.fr,Female,China
296,Gordie,Capron,gcapron87@t-online.de,Male,China
297,Goraud,Simkins,gsimkins88@hhs.gov,Male,New Zealand
298,Beltran,Deetch,bdeetch89@jiathis.com,Male,Ukraine
299,Arlan,Matevushev,amatevushev8a@fotki.com,Male,Philippines
300,Cristabel,Buxam,cbuxam8b@youtube.com,Female,Czech Republic
301,Aile,Guiver,aguiver8c@geocities.com,Female,France
302,Ophelia,Baudacci,obaudacci8d@cdc.gov,Female,Czech Republic
303,Forster,Smead,fsmead8e@loc.gov,Male,Poland
304,Mendie,Horrell,mhorrell8f@ftc.gov,Male,Vietnam
305,Tessi,Gallier,tgallier8g@bbc.co.uk,Female,China
306,Birk,Arnao,barnao8h@eventbrite.com,Male,Indonesia
307,Kain,Fridlington,kfridlington8i@xinhuanet.com,Male,China
308,Jeffrey,Burford,jburford8j@vkontakte.ru,Male,Colombia
309,Aldwin,Shipway,ashipway8k@ifeng.com,Male,China
310,Adrian,Killingback,akillingback8l@behance.net,Male,Russia
311,Nowell,Ayliffe,nayliffe8m@europa.eu,Male,Poland
312,Ardra,Maxweell,amaxweell8n@gizmodo.com,Female,Indonesia
313,Hersh,MacGall,hmacgall8o@rediff.com,Male,Ukraine
314,Sheree,Archard,sarchard8p@eventbrite.com,Female,United States
315,Maisie,O'Duane,moduane8q@reddit.com,Female,Belarus
316,Garvy,Fonteyne,gfonteyne8r@eepurl.com,Male,Indonesia
317,Waldo,Degli Abbati,wdegliabbati8s@walmart.com,Male,Cyprus
318,Ave,Hearson,ahearson8t@china.com.cn,Male,Norway
319,Eleonora,Katz,ekatz8u@apple.com,Female,Russia
320,Dallis,Woodson,dwoodson8v@istockphoto.com,Male,Latvia
321,Dorry,Kemmet,dkemmet8w@scientificamerican.com,Female,Peru
322,Cyrill,Measor,cmeasor8x@homestead.com,Male,China
323,Archibald,Callan,acallan8y@bluehost.com,Male,Samoa
324,Gay,Oxbrough,goxbrough8z@booking.com,Female,China
325,Eadith,Gillatt,egillatt90@live.com,Female,China
326,Schuyler,Ovesen,sovesen91@icq.com,Male,Myanmar
327,Nicolle,O'Fergus,nofergus92@bravesites.com,Female,Afghanistan
328,Ruby,Brocklesby,rbrocklesby93@blogs.com,Male,Brazil
329,Bernard,Zuan,bzuan94@infoseek.co.jp,Male,Canada
330,Herold,Keijser,hkeijser95@google.com,Male,Togo
331,Alfi,Fitzsymon,afitzsymon96@csmonitor.com,Female,Russia
332,Cherish,Collinson,ccollinson97@si.edu,Female,Sweden
333,Garrot,Hurnell,ghurnell98@virginia.edu,Male,Nicaragua
334,Jillayne,Scoles,jscoles99@digg.com,Female,China
335,Toddy,Mallord,tmallord9a@mashable.com,Male,Poland
336,Gino,Addington,gaddington9b@tripadvisor.com,Male,Indonesia
337,Irene,Torel,itorel9c@businesswire.com,Female,Venezuela
338,Othilie,O' Dornan,oodornan9d@go.com,Female,China
339,Lydie,Keady,lkeady9e@umich.edu,Female,Indonesia
340,Olive,Winwright,owinwright9f@utexas.edu,Female,Dominican Republic
341,Cammy,Wilce,cwilce9g@rakuten.co.jp,Female,Thailand
342,Ellis,Murt,emurt9h@google.cn,Male,Indonesia
343,Bellina,Backwell,bbackwell9i@macromedia.com,Female,China
344,Terri,Fawley,tfawley9j@t-online.de,Male,Indonesia
345,Mahmud,Boscott,mboscott9k@fotki.com,Male,Czech Republic
346,Lida,Piff,lpiff9l@hexun.com,Female,Poland
347,Cordey,Habbal,chabbal9m@printfriendly.com,Female,Russia
348,Shirline,Coucher,scoucher9n@freewebs.com,Female,Philippines
349,Mathilda,Romke,mromke9o@desdev.cn,Female,China
350,Ossie,Sanders,osanders9p@businessinsider.com,Male,Sweden
351,Rhonda,Cuniam,rcuniam9q@sphinn.com,Female,Greece
352,Hank,Kneal,hkneal9r@free.fr,Male,France
353,Junia,Arniz,jarniz9s@webeden.co.uk,Female,Tanzania
354,Gram,Benz,gbenz9t@infoseek.co.jp,Male,Kazakhstan
355,Jody,Zoephel,jzoephel9u@who.int,Female,United States
356,Marcy,Regan,mregan9v@bandcamp.com,Female,China
357,Madel,Bartoszewski,mbartoszewski9w@paypal.com,Female,Mexico
358,Robby,Messham,rmessham9x@xrea.com,Female,China
359,Glyn,Ocheltree,gocheltree9y@geocities.jp,Male,China
360,Bertrando,Blowick,bblowick9z@hp.com,Male,Philippines
361,Mendy,Cochern,mcocherna0@tmall.com,Male,Indonesia
362,Annabel,Dunne,adunnea1@fotki.com,Female,Netherlands
363,Helsa,Castelli,hcastellia2@nytimes.com,Female,Armenia
364,Kellby,Gowrich,kgowricha3@merriam-webster.com,Male,Sweden
365,Nerta,Eveque,nevequea4@github.com,Female,Netherlands
366,Ivar,Timeby,itimebya5@slate.com,Male,Poland
367,Margaret,Slayford,mslayforda6@sphinn.com,Female,Sweden
368,Petunia,De Stoop,pdestoopa7@vk.com,Female,Indonesia
369,Catlin,Dumbreck,cdumbrecka8@sourceforge.net,Female,Poland
370,Jody,Radley,jradleya9@businessinsider.com,Female,Philippines
371,Walther,MacCaughen,wmaccaughenaa@technorati.com,Male,Ukraine
372,Twyla,Cavey,tcaveyab@narod.ru,Female,Tanzania
373,Even,Sowray,esowrayac@altervista.org,Male,Indonesia
374,Francisco,Rossbrooke,frossbrookead@discuz.net,Male,Tunisia
375,Ignace,Kells,ikellsae@blogs.com,Male,Sweden
376,Braden,Comini,bcominiaf@angelfire.com,Male,Vietnam
377,Meryl,Gaskoin,mgaskoinag@oakley.com,Male,Japan
378,Ruthie,Ferrieri,rferrieriah@mit.edu,Female,Russia
379,Kimberlyn,Cranham,kcranhamai@wiley.com,Female,Greece
380,Hanna,Simunek,hsimunekaj@google.nl,Female,Senegal
381,Bord,Opy,bopyak@gnu.org,Male,Japan
382,Glyn,McEvoy,gmcevoyal@ebay.co.uk,Male,Ukraine
383,Marquita,Swanne,mswanneam@gizmodo.com,Female,Indonesia
384,Rusty,Crowdy,rcrowdyan@mapy.cz,Male,Bangladesh
385,Nikos,Labden,nlabdenao@simplemachines.org,Male,Indonesia
386,Othelia,Berresford,oberresfordap@mozilla.org,Female,Germany
387,Odelinda,Lishmund,olishmundaq@ft.com,Female,Russia
388,Whitney,Esome,wesomear@naver.com,Male,Indonesia
389,Donna,Keach,dkeachas@bing.com,Female,France
390,Marmaduke,Flintiff,mflintiffat@salon.com,Male,Croatia
391,Garreth,Thirlwall,gthirlwallau@jugem.jp,Male,Philippines
392,Kariotta,Elies,keliesav@tiny.cc,Female,Canada
393,Ruthann,Vallis,rvallisaw@behance.net,Female,Mexico
394,Georgie,Dawkes,gdawkesax@ustream.tv,Male,Indonesia
395,Katharine,Dalloway,kdallowayay@japanpost.jp,Female,Poland
396,Addi,Dickons,adickonsaz@1688.com,Female,Nicaragua
397,Dedie,Huffa,dhuffab0@about.com,Female,Burkina Faso
398,Roselia,de Juares,rdejuaresb1@cocolog-nifty.com,Female,Canada
399,Ronnica,Canlin,rcanlinb2@japanpost.jp,Female,China
400,Eolande,Bridewell,ebridewellb3@shop-pro.jp,Female,China
401,Muhammad,Cove,mcoveb4@skype.com,Male,China
402,Alexander,Minthorpe,aminthorpeb5@surveymonkey.com,Male,Peru
403,Joellen,Ratchford,jratchfordb6@hud.gov,Female,Guatemala
404,Merilee,Tobin,mtobinb7@weather.com,Female,China
405,Loise,Rummin,lrumminb8@telegraph.co.uk,Female,Nigeria
406,Rusty,Anand,ranandb9@vkontakte.ru,Male,Albania
407,Kelsy,Usherwood,kusherwoodba@usda.gov,Female,China
408,Harman,Michelin,hmichelinbb@discovery.com,Male,Philippines
409,Giordano,Vernay,gvernaybc@tripod.com,Male,France
410,Natassia,Arnet,narnetbd@biglobe.ne.jp,Female,Portugal
411,Nikolaos,Elcoat,nelcoatbe@netlog.com,Male,Sierra Leone
412,Kenny,Carsey,kcarseybf@japanpost.jp,Male,Philippines
413,West,Seeley,wseeleybg@ftc.gov,Male,Sweden
414,Nessa,Dyster,ndysterbh@friendfeed.com,Female,Brazil
415,Pryce,Maystone,pmaystonebi@amazon.co.jp,Male,Greece
416,Dwayne,Bartunek,dbartunekbj@mysql.com,Male,Kyrgyzstan
417,Flora,Sibun,fsibunbk@vk.com,Female,Switzerland
418,Errick,Blazewicz,eblazewiczbl@jigsy.com,Male,Norway
419,Jessee,Zanre,jzanrebm@altervista.org,Male,Ukraine
420,Brucie,Cavill,bcavillbn@furl.net,Male,Peru
421,Katrina,Huriche,khurichebo@shinystat.com,Female,Brazil
422,Sosanna,Unsworth,sunsworthbp@privacy.gov.au,Female,Tanzania
423,Derby,Devons,ddevonsbq@xinhuanet.com,Male,Argentina
424,Jyoti,Greenhall,jgreenhallbr@de.vu,Female,Gambia
425,Jaymie,Medley,jmedleybs@stumbleupon.com,Male,China
426,Waly,Corless,wcorlessbt@nps.gov,Female,China
427,Reeba,Penbarthy,rpenbarthybu@gov.uk,Female,France
428,Anderea,Kisting,akistingbv@huffingtonpost.com,Female,China
429,Hurley,Taplow,htaplowbw@webs.com,Male,Brazil
430,Brynn,Learmount,blearmountbx@exblog.jp,Female,Brazil
431,Cherianne,Seczyk,cseczykby@acquirethisname.com,Female,Afghanistan
432,Ase,Ferriby,aferribybz@umich.edu,Male,Brazil
433,Jinny,Gerriessen,jgerriessenc0@cbc.ca,Female,Ghana
434,Marianne,Joskowicz,mjoskowiczc1@facebook.com,Female,China
435,Buckie,Derrick,bderrickc2@noaa.gov,Male,Japan
436,Berny,Stoney,bstoneyc3@arstechnica.com,Female,Ireland
437,Bobbie,Signe,bsignec4@chronoengine.com,Male,Philippines
438,Judye,Woodcock,jwoodcockc5@amazon.com,Female,Russia
439,Ray,Aimer,raimerc6@live.com,Female,Indonesia
440,Edeline,Smewin,esmewinc7@un.org,Female,Czech Republic
441,Rudyard,Bogey,rbogeyc8@buzzfeed.com,Male,China
442,Duke,Capper,dcapperc9@sciencedaily.com,Male,Norway
443,Kayle,Bier,kbierca@google.pl,Female,China
444,Modesty,Pellissier,mpellissiercb@macromedia.com,Female,Poland
445,Forrest,Gregs,fgregscc@addthis.com,Male,Australia
446,Jacqui,Vedmore,jvedmorecd@unicef.org,Female,Burkina Faso
447,Peyton,Creamen,pcreamence@phoca.cz,Male,Sweden
448,Tonya,Trevain,ttrevaincf@sourceforge.net,Female,Russia
449,Calhoun,Pottberry,cpottberrycg@pen.io,Male,Indonesia
450,Odele,Sherar,osherarch@linkedin.com,Female,Bulgaria
451,Frannie,Shorthouse,fshorthouseci@photobucket.com,Female,Philippines
452,Heinrik,Beckey,hbeckeycj@godaddy.com,Male,Pakistan
453,Lucien,Feldmus,lfeldmusck@timesonline.co.uk,Male,Lithuania
454,Virgil,Drioli,vdriolicl@domainmarket.com,Male,Macedonia
455,Ian,Blackie,iblackiecm@cbc.ca,Male,Brazil
456,Jard,Kettlesting,jkettlestingcn@pagesperso-orange.fr,Male,China
457,Julie,Garatty,jgarattyco@berkeley.edu,Male,Ukraine
458,Waylan,Robison,wrobisoncp@taobao.com,Male,Zimbabwe
459,Frayda,Bly,fblycq@bigcartel.com,Female,Indonesia
460,Glendon,Vigurs,gvigurscr@answers.com,Male,Ivory Coast
461,Martelle,Ladel,mladelcs@cdc.gov,Female,Japan
462,Marylynne,Flemyng,mflemyngct@naver.com,Female,Bosnia and Herzegovina
463,Bayard,Corradengo,bcorradengocu@salon.com,Male,Philippines
464,Stearn,Robinet,srobinetcv@flickr.com,Male,China
465,Hedwiga,Seyers,hseyerscw@odnoklassniki.ru,Female,Argentina
466,Jocelin,Phizackarley,jphizackarleycx@studiopress.com,Female,China
467,Wrennie,Monery,wmonerycy@ucoz.com,Female,China
468,Brigitte,Quinn,bquinncz@icio.us,Female,Poland
469,Obie,Baff,obaffd0@imdb.com,Male,Mexico
470,Che,Whereat,cwhereatd1@earthlink.net,Male,Belarus
471,Kissie,Merrick,kmerrickd2@yelp.com,Female,China
472,Britney,Rabl,brabld3@domainmarket.com,Female,China
473,Vivie,Woodstock,vwoodstockd4@vistaprint.com,Female,France
474,Chandler,Couve,ccouved5@imgur.com,Male,Pakistan
475,Luce,Adrianello,ladrianellod6@shinystat.com,Male,Japan
476,Justis,Coggen,jcoggend7@github.com,Male,Isle of Man
477,Lexine,Sparke,lsparked8@psu.edu,Female,Mexico
478,Alice,Pyke,apyked9@123-reg.co.uk,Female,Malaysia
479,Dar,Olufsen,dolufsenda@hp.com,Male,Chile
480,Marika,MacDavitt,mmacdavittdb@biblegateway.com,Female,Poland
481,Roxy,Zecchi,rzecchidc@ihg.com,Female,France
482,Mahala,Dockrey,mdockreydd@angelfire.com,Female,China
483,Jorgan,Mithon,jmithonde@cbc.ca,Male,Sweden
484,Flemming,Plank,fplankdf@weibo.com,Male,Indonesia
485,Kate,Philipp,kphilippdg@paypal.com,Female,Guam
486,Janenna,Kevlin,jkevlindh@jugem.jp,Female,Portugal
487,Bernadene,Groocock,bgroocockdi@odnoklassniki.ru,Female,China
488,Dorthy,Stocken,dstockendj@who.int,Female,Cameroon
489,Justis,Dowall,jdowalldk@state.gov,Male,Comoros
490,Alwyn,Becom,abecomdl@utexas.edu,Male,France
491,Rhona,Grigoli,rgrigolidm@cmu.edu,Female,China
492,Blair,Cunnington,bcunningtondn@dailymail.co.uk,Female,Czech Republic
493,Maia,Briereton,mbrieretondo@nsw.gov.au,Female,Ethiopia
494,Faunie,Kidby,fkidbydp@artisteer.com,Female,Indonesia
495,Tabbie,Abrey,tabreydq@twitter.com,Male,China
496,Caroljean,Charte,cchartedr@bluehost.com,Female,China
497,Lukas,McKoy,lmckoyds@mapquest.com,Male,Portugal
498,Kizzee,Lapthorne,klapthornedt@slashdot.org,Female,Peru
499,Bibi,Ort,bortdu@fotki.com,Female,Poland
500,Cristina,Duffitt,cduffittdv@cam.ac.uk,Female,United States
501,Hermione,Tetley,htetleydw@globo.com,Female,Indonesia
502,Lemar,Tutchell,ltutchelldx@dyndns.org,Male,China
503,Flori,Ballantine,fballantinedy@businessinsider.com,Female,Zambia
504,Dorri,O'Sharkey,dosharkeydz@bloomberg.com,Female,China
505,Alessandro,Sessions,asessionse0@twitpic.com,Male,Japan
506,Erick,Looker,elookere1@cbsnews.com,Male,China
507,Zonnya,Bettley,zbettleye2@php.net,Female,Indonesia
508,Davidde,Heeron,dheerone3@princeton.edu,Male,Zambia
509,Morgan,Klosa,mklosae4@addtoany.com,Female,Indonesia
510,Aubrie,Kamienski,akamienskie5@mapy.cz,Female,China
511,Wadsworth,Martinat,wmartinate6@gov.uk,Male,Portugal
512,Virginia,Primak,vprimake7@creativecommons.org,Female,China
513,Fonz,Sara,fsarae8@ebay.co.uk,Male,Sweden
514,Katlin,Rewbottom,krewbottome9@prweb.com,Female,Colombia
515,Orland,Gowing,ogowingea@ebay.com,Male,Yemen
516,Cory,Munkley,cmunkleyeb@mac.com,Male,Guatemala
517,Sibby,Rollins,srollinsec@wikispaces.com,Female,China
518,Lishe,Ide,lideed@adobe.com,Female,Slovenia
519,Jeddy,Rowler,jrowleree@paginegialle.it,Male,Russia
520,Hali,Dizlie,hdizlieef@bbc.co.uk,Female,Syria
521,Jemimah,Sterry,jsterryeg@mit.edu,Female,Sweden
522,Miguelita,Foskett,mfosketteh@jugem.jp,Female,Indonesia
523,Minnnie,Croxton,mcroxtonei@dmoz.org,Female,China
524,Kimberlyn,Le Page,klepageej@tumblr.com,Female,Poland
525,Nate,Nutman,nnutmanek@examiner.com,Male,Bulgaria
526,Kimbra,Petrello,kpetrelloel@google.ru,Female,Australia
527,Karlis,Bentick,kbentickem@aol.com,Male,China
528,Horten,Dameisele,hdameiseleen@yahoo.co.jp,Male,Brazil
529,Konstantin,Maddrell,kmaddrelleo@yale.edu,Male,Japan
530,Jaimie,Shillum,jshillumep@pagesperso-orange.fr,Male,China
531,Ly,Abela,labelaeq@odnoklassniki.ru,Male,Madagascar
532,Georgie,Tzar,gtzarer@facebook.com,Male,Indonesia
533,Friedrick,Cholerton,fcholertones@dagondesign.com,Male,Thailand
534,Rozina,Cooling,rcoolinget@cnbc.com,Female,Poland
535,Elwood,Hallin,ehallineu@soup.io,Male,Honduras
536,Deerdre,Weatherill,dweatherillev@vkontakte.ru,Female,Madagascar
537,Fleur,Barnish,fbarnishew@ca.gov,Female,South Africa
538,Kimberly,Huller,khullerex@i2i.jp,Female,Sweden
539,Virgina,Adamik,vadamikey@spiegel.de,Female,Indonesia
540,Christoph,Giannotti,cgiannottiez@gov.uk,Male,France
541,Nanice,Armin,narminf0@princeton.edu,Female,Canada
542,April,Gianninotti,agianninottif1@issuu.com,Female,Guatemala
543,Carin,Byrkmyr,cbyrkmyrf2@deliciousdays.com,Female,Nigeria
544,Shannah,Spanton,sspantonf3@independent.co.uk,Female,Mongolia
545,Bessy,Bawle,bbawlef4@hibu.com,Female,Indonesia
546,Guntar,Le Merchant,glemerchantf5@w3.org,Male,Croatia
547,Theodora,Tallman,ttallmanf6@reuters.com,Female,Indonesia
548,Cleo,Dacks,cdacksf7@amazonaws.com,Female,France
549,Jazmin,Shimmans,jshimmansf8@yahoo.co.jp,Female,Egypt
550,Siobhan,Ruspine,sruspinef9@home.pl,Female,Ireland
551,Reynold,Mozzetti,rmozzettifa@ca.gov,Male,Fiji
552,Lotta,Heenan,lheenanfb@addtoany.com,Female,Brazil
553,Jarad,Lower,jlowerfc@uiuc.edu,Male,China
554,Rees,Clemoes,rclemoesfd@live.com,Male,Indonesia
555,Ricky,de Merida,rdemeridafe@home.pl,Female,Iran
556,Karel,Raye,krayeff@hao123.com,Male,Yemen
557,Ludovika,Vella,lvellafg@dot.gov,Female,China
558,Heindrick,Latchford,hlatchfordfh@edublogs.org,Male,China
559,Tommie,Matejka,tmatejkafi@si.edu,Male,Indonesia
560,Jabez,Mapston,jmapstonfj@soundcloud.com,Male,China
561,Phebe,Beyer,pbeyerfk@hhs.gov,Female,Uzbekistan
562,Olenka,Dealey,odealeyfl@1und1.de,Female,China
563,Cullen,Barth,cbarthfm@buzzfeed.com,Male,United States
564,Diena,Dobbison,ddobbisonfn@1und1.de,Female,Honduras
565,Thornton,Treven,ttrevenfo@csmonitor.com,Male,United Kingdom
566,Hillyer,Deeth,hdeethfp@globo.com,Male,China
567,Evelin,Murrish,emurrishfq@blogs.com,Male,China
568,Diena,Paulino,dpaulinofr@desdev.cn,Female,Peru
569,Phelia,Rowe,prowefs@soundcloud.com,Female,Panama
570,Rona,Kitchingham,rkitchinghamft@accuweather.com,Female,France
571,Serge,Belderson,sbeldersonfu@gizmodo.com,Male,Thailand
572,Anni,Demicoli,ademicolifv@gmpg.org,Female,Russia
573,Agatha,Pendreigh,apendreighfw@hao123.com,Female,China
574,Christiana,Restill,crestillfx@elegantthemes.com,Female,Indonesia
575,Mellicent,Messum,mmessumfy@wufoo.com,Female,France
576,Tailor,Stone,tstonefz@exblog.jp,Male,Austria
577,Amalee,Carles,acarlesg0@behance.net,Female,Czech Republic
578,Angelico,Pattesall,apattesallg1@google.de,Male,Armenia
579,Hermione,Naismith,hnaismithg2@weebly.com,Female,Indonesia
580,Cob,Somerscales,csomerscalesg3@fotki.com,Male,Philippines
581,Petrina,Dandie,pdandieg4@is.gd,Female,Philippines
582,Tilly,Mulliner,tmullinerg5@google.es,Female,Indonesia
583,Cornell,Tinwell,ctinwellg6@nationalgeographic.com,Male,Thailand
584,Christin,Izacenko,cizacenkog7@tmall.com,Female,Sweden
585,Umberto,Slimings,uslimingsg8@nba.com,Male,China
586,Holly-anne,Hand,hhandg9@csmonitor.com,Female,Nicaragua
587,Rogerio,Corneille,rcorneillega@google.de,Male,Argentina
588,Brody,Helwig,bhelwiggb@drupal.org,Male,Philippines
589,Hal,Grogona,hgrogonagc@ifeng.com,Male,Bangladesh
590,Ly,Lammenga,llammengagd@vinaora.com,Male,China
591,Jason,Lynch,jlynchge@irs.gov,Male,China
592,Maurie,Waddington,mwaddingtongf@youku.com,Male,Philippines
593,Carine,Repp,creppgg@yandex.ru,Female,China
594,Umberto,Stanyard,ustanyardgh@buzzfeed.com,Male,Japan
595,Tabor,Danniel,tdannielgi@webmd.com,Male,Portugal
596,Matthaeus,Normanell,mnormanellgj@paginegialle.it,Male,China
597,Heddi,Gaffey,hgaffeygk@delicious.com,Female,United States
598,Jefferson,Morriss,jmorrissgl@fastcompany.com,Male,Morocco
599,Willa,Kharchinski,wkharchinskigm@a8.net,Female,China
600,Chere,Tomasoni,ctomasonign@pcworld.com,Female,Portugal
601,Bart,Cuel,bcuelgo@amazonaws.com,Male,Malta
602,Allx,Rottgers,arottgersgp@cornell.edu,Female,Indonesia
603,Pedro,Corbert,pcorbertgq@spotify.com,Male,Indonesia
604,Jo-ann,Dickens,jdickensgr@digg.com,Female,China
605,Jany,Gammill,jgammillgs@bloglines.com,Female,Poland
606,Farrel,Fann,ffanngt@yahoo.co.jp,Male,China
607,Inger,Wilsee,iwilseegu@army.mil,Female,Russia
608,Rena,Dugdale,rdugdalegv@wisc.edu,Female,Philippines
609,Base,Pulman,bpulmangw@example.com,Male,Poland
610,Chanda,Urvoy,curvoygx@comsenz.com,Female,Russia
611,Ruttger,Forsey,rforseygy@privacy.gov.au,Male,Peru
612,Waite,Prangle,wpranglegz@marriott.com,Male,Mauritius
613,Tedd,Sallings,tsallingsh0@dell.com,Male,China
614,Weston,Akid,wakidh1@pinterest.com,Male,Peru
615,Emmie,Jaggard,ejaggardh2@last.fm,Female,Philippines
616,Rickie,Whitcombe,rwhitcombeh3@rambler.ru,Male,Argentina
617,Cullen,Demongeot,cdemongeoth4@networkadvertising.org,Male,Ukraine
618,Andria,McKiernan,amckiernanh5@dmoz.org,Female,Sweden
619,Jessie,Dandy,jdandyh6@engadget.com,Female,Aland Islands
620,Shoshanna,Pimlott,spimlotth7@fema.gov,Female,Ukraine
621,Dulcy,Jagels,djagelsh8@omniture.com,Female,China
622,Sidonia,Stephens,sstephensh9@cloudflare.com,Female,Indonesia
623,Uri,Karpe,ukarpeha@blogs.com,Male,France
624,Tamera,Bolt,tbolthb@prnewswire.com,Female,Indonesia
625,Giacomo,Jobb,gjobbhc@senate.gov,Male,United States
626,Jeana,Olwen,jolwenhd@ted.com,Female,Ireland
627,Alvis,McDunlevy,amcdunlevyhe@360.cn,Male,China
628,Ozzie,Gimblett,ogimbletthf@reference.com,Male,Panama
629,Rodrigo,Giff,rgiffhg@woothemes.com,Male,Portugal
630,Correy,Kippie,ckippiehh@canalblog.com,Male,Indonesia
631,Helaine,Love,hlovehi@trellian.com,Female,Portugal
632,Janela,Mulvany,jmulvanyhj@bizjournals.com,Female,Ghana
633,Obie,Royden,oroydenhk@zimbio.com,Male,Armenia
634,Corey,Meiklem,cmeiklemhl@illinois.edu,Male,China
635,Fulton,Anderson,fandersonhm@loc.gov,Male,China
636,Jabez,Ley,jleyhn@nydailynews.com,Male,Portugal
637,Joella,Sheppey,jsheppeyho@mozilla.com,Female,Morocco
638,Erinna,Cooling,ecoolinghp@ebay.co.uk,Female,Poland
639,Mathian,Musicka,mmusickahq@booking.com,Male,United States
640,Nanette,Whitecross,nwhitecrosshr@amazon.de,Female,Tunisia
641,Leigh,Tantum,ltantumhs@infoseek.co.jp,Male,Russia
642,Walther,Fanton,wfantonht@dyndns.org,Male,Philippines
643,Minny,Kaesmans,mkaesmanshu@nifty.com,Female,Philippines
644,Keslie,Cesaric,kcesarichv@businesswire.com,Female,China
645,Ricki,Whittick,rwhittickhw@globo.com,Male,China
646,Roanne,Dashper,rdashperhx@nyu.edu,Female,Ukraine
647,Tallie,Keig,tkeighy@123-reg.co.uk,Male,Poland
648,Simmonds,Scurlock,sscurlockhz@bing.com,Male,Indonesia
649,Rick,Rowley,rrowleyi0@oakley.com,Male,Zimbabwe
650,Daisi,Beazer,dbeazeri1@jugem.jp,Female,Sweden
651,Teddie,Coviello,tcovielloi2@japanpost.jp,Male,Montenegro
652,Ahmad,Chatres,achatresi3@blogger.com,Male,Croatia
653,Marge,Chastel,mchasteli4@liveinternet.ru,Female,Malaysia
654,Silvio,Torricella,storricellai5@mediafire.com,Male,Sweden
655,Tod,Popple,tpopplei6@ca.gov,Male,Brazil
656,Barry,O'Hagerty,bohagertyi7@ehow.com,Male,Philippines
657,Coreen,De Vaux,cdevauxi8@sphinn.com,Female,Lithuania
658,Elnar,Lindenblatt,elindenblatti9@infoseek.co.jp,Male,France
659,Aura,Broader,abroaderia@foxnews.com,Female,Spain
660,Kiersten,McEnteggart,kmcenteggartib@marriott.com,Female,China
661,Maris,Nacey,mnaceyic@timesonline.co.uk,Female,Brazil
662,Jonah,Mully,jmullyid@xinhuanet.com,Male,Madagascar
663,Markus,Romagosa,mromagosaie@toplist.cz,Male,China
664,Jeralee,Speaks,jspeaksif@fotki.com,Female,Oman
665,Jody,Phillipp,jphillippig@google.co.uk,Male,Malaysia
666,Sarette,Hannent,shannentih@fema.gov,Female,Portugal
667,Radcliffe,Cudbertson,rcudbertsonii@oaic.gov.au,Male,China
668,Greg,Whettleton,gwhettletonij@jalbum.net,Male,Iran
669,Phillis,Shakespeare,pshakespeareik@dailymotion.com,Female,Indonesia
670,Marilyn,Grisley,mgrisleyil@time.com,Female,China
671,Sisely,Jowling,sjowlingim@vk.com,Female,Indonesia
672,Hermon,Aingell,haingellin@chicagotribune.com,Male,France
673,Dunstan,Andrichuk,dandrichukio@amazon.co.jp,Male,Bulgaria
674,Nell,Cadden,ncaddenip@vimeo.com,Female,Thailand
675,Tod,Northall,tnorthalliq@dailymail.co.uk,Male,Indonesia
676,Hester,Allinson,hallinsonir@behance.net,Female,China
677,Jinny,Hollerin,jhollerinis@ezinearticles.com,Female,Argentina
678,Mack,Amner,mamnerit@hao123.com,Male,Luxembourg
679,Cornelia,Jessett,cjessettiu@ucsd.edu,Female,Mali
680,Mariele,Rorke,mrorkeiv@furl.net,Female,China
681,Homerus,Elmhirst,helmhirstiw@shinystat.com,Male,Czech Republic
682,Eran,Loveitt,eloveittix@ihg.com,Female,Sweden
683,Ofilia,Hedley,ohedleyiy@patch.com,Female,France
684,Beatrice,Imlacke,bimlackeiz@discuz.net,Female,Portugal
685,Inessa,St. John,istjohnj0@goo.gl,Female,Latvia
686,Nona,Corington,ncoringtonj1@fema.gov,Female,Kazakhstan
687,Druci,Daburn,ddaburnj2@statcounter.com,Female,Philippines
688,Mikkel,Apfelmann,mapfelmannj3@walmart.com,Male,Indonesia
689,Gery,Beecraft,gbeecraftj4@sourceforge.net,Male,Venezuela
690,Johnnie,Atyea,jatyeaj5@sphinn.com,Male,Russia
691,Jeromy,Lovie,jloviej6@statcounter.com,Male,China
692,Vassili,Tuffield,vtuffieldj7@arstechnica.com,Male,United States
693,Addie,Opdenorth,aopdenorthj8@dedecms.com,Male,Indonesia
694,Felisha,Strettle,fstrettlej9@angelfire.com,Female,Indonesia
695,Barclay,Bortoletti,bbortolettija@opensource.org,Male,Indonesia
696,Sarah,Ebbers,sebbersjb@vistaprint.com,Female,Israel
697,Aguie,Staines,astainesjc@chronoengine.com,Male,Japan
698,Koenraad,Newbigging,knewbiggingjd@goo.gl,Male,Portugal
699,Viki,Vaughton,vvaughtonje@columbia.edu,Female,Tunisia
700,Renault,Sheara,rshearajf@guardian.co.uk,Male,Japan
701,Jean,McCunn,jmccunnjg@pinterest.com,Male,Japan
702,Lindsay,Fridaye,lfridayejh@issuu.com,Male,Nigeria
703,Denna,Van Cassel,dvancasselji@people.com.cn,Female,Guatemala
704,Ann-marie,Rainsbury,arainsburyjj@shinystat.com,Female,Brazil
705,Nolan,Birtley,nbirtleyjk@guardian.co.uk,Male,Philippines
706,Nicholle,Huetson,nhuetsonjl@ustream.tv,Female,Nicaragua
707,Ali,Sieur,asieurjm@engadget.com,Female,China
708,Aubry,Alvarado,aalvaradojn@springer.com,Female,Malaysia
709,Norbie,Challiner,nchallinerjo@china.com.cn,Male,Tanzania
710,Archer,Tolle,atollejp@netlog.com,Male,China
711,Alexa,Pavia,apaviajq@ebay.co.uk,Female,Brazil
712,Elsey,Dzeniskevich,edzeniskevichjr@ucla.edu,Female,Indonesia
713,Moise,Biggs,mbiggsjs@flavors.me,Male,China
714,Conroy,Adamkiewicz,cadamkiewiczjt@google.de,Male,Bosnia and Herzegovina
715,Ilka,Demonge,idemongeju@japanpost.jp,Female,China
716,Torrence,Tartt,ttarttjv@soundcloud.com,Male,Indonesia
717,Faustine,Harrington,fharringtonjw@goodreads.com,Female,South Africa
718,Baillie,Carlesso,bcarlessojx@imdb.com,Male,Indonesia
719,Beck,Robley,brobleyjy@disqus.com,Male,Colombia
720,Brit,Hymer,bhymerjz@addthis.com,Male,Indonesia
721,Maria,Barensky,mbarenskyk0@nifty.com,Female,Philippines
722,Kristopher,Bernakiewicz,kbernakiewiczk1@time.com,Male,Poland
723,Cathrine,Douche,cdouchek2@github.io,Female,Indonesia
724,Ophelia,Burris,oburrisk3@youtu.be,Female,Russia
725,Niccolo,Besque,nbesquek4@paypal.com,Male,Morocco
726,Sallee,Beauvais,sbeauvaisk5@bing.com,Female,Portugal
727,Morry,Philo,mphilok6@discovery.com,Male,Israel
728,Frederich,Duinkerk,fduinkerkk7@ebay.co.uk,Male,Ukraine
729,Andris,Jepp,ajeppk8@networkadvertising.org,Male,China
730,Ulla,Simonard,usimonardk9@vkontakte.ru,Female,Macedonia
731,Fax,Agiolfinger,fagiolfingerka@symantec.com,Male,Palestinian Territory
732,Roarke,Swaisland,rswaislandkb@berkeley.edu,Male,China
733,Ebenezer,Greenleaf,egreenleafkc@goo.ne.jp,Male,Honduras
734,Cyb,Leftly,cleftlykd@auda.org.au,Female,Japan
735,Di,Woodburn,dwoodburnke@odnoklassniki.ru,Female,Portugal
736,Janelle,Sarsons,jsarsonskf@ycombinator.com,Female,Philippines
737,Bernardina,Kenningham,bkenninghamkg@live.com,Female,Russia
738,Humphrey,Laybourn,hlaybournkh@wired.com,Male,China
739,Oates,Monelle,omonelleki@bluehost.com,Male,South Korea
740,Meg,Caskie,mcaskiekj@discuz.net,Female,Indonesia
741,Madelon,Alyutin,malyutinkk@quantcast.com,Female,China
742,Maurine,Ilyasov,milyasovkl@princeton.edu,Female,Indonesia
743,Fanya,McCome,fmccomekm@histats.com,Female,Peru
744,Florella,Bittlestone,fbittlestonekn@google.es,Female,France
745,Pren,Ray,prayko@berkeley.edu,Male,China
746,Carny,Bagot,cbagotkp@feedburner.com,Male,Philippines
747,Keefe,Hemphrey,khemphreykq@linkedin.com,Male,China
748,Bard,Gathercoal,bgathercoalkr@opera.com,Male,United States
749,Shawna,Gascoyen,sgascoyenks@com.com,Female,Poland
750,Zenia,Cragell,zcragellkt@histats.com,Female,Netherlands
751,Kaia,Stanbrooke,kstanbrookeku@princeton.edu,Female,Philippines
752,Tony,Hebditch,thebditchkv@nhs.uk,Male,China
753,Hewitt,Godsell,hgodsellkw@angelfire.com,Male,Russia
754,Tallou,Lavallin,tlavallinkx@paypal.com,Female,Croatia
755,Dehlia,Ring,dringky@buzzfeed.com,Female,Brazil
756,Arda,Scutchin,ascutchinkz@acquirethisname.com,Female,Brazil
757,Edik,Jeanequin,ejeanequinl0@xrea.com,Male,Mexico
758,Christie,Druhan,cdruhanl1@hexun.com,Female,Sweden
759,Alisha,Knudsen,aknudsenl2@slideshare.net,Female,China
760,Clemmy,Fomichyov,cfomichyovl3@dot.gov,Female,Finland
761,Willabella,Elwin,welwinl4@state.tx.us,Female,Indonesia
762,Zed,Trussler,ztrusslerl5@salon.com,Male,China
763,Zondra,Rout,zroutl6@eepurl.com,Female,Russia
764,Chrystal,Easum,ceasuml7@list-manage.com,Female,Cyprus
765,Riley,Rowthorn,rrowthornl8@ustream.tv,Male,France
766,Lonny,Attwool,lattwooll9@livejournal.com,Male,Canada
767,Starlene,Ager,sagerla@pbs.org,Female,Nigeria
768,Wayne,Algar,walgarlb@vimeo.com,Male,Ecuador
769,Mel,Costard,mcostardlc@elegantthemes.com,Male,Philippines
770,Rawley,Igonet,rigonetld@vistaprint.com,Male,China
771,Vikky,Garvie,vgarviele@quantcast.com,Female,Thailand
772,Ira,Julian,ijulianlf@yelp.com,Male,Russia
773,Tandi,Risbrough,trisbroughlg@qq.com,Female,Philippines
774,Carlynn,Althrope,calthropelh@hc360.com,Female,Spain
775,Leonard,Tonna,ltonnali@java.com,Male,China
776,Eda,Scotford,escotfordlj@whitehouse.gov,Female,Burkina Faso
777,Darius,Hallifax,dhallifaxlk@blogspot.com,Male,Philippines
778,Elsie,Ronald,eronaldll@cam.ac.uk,Female,Indonesia
779,Irma,Southard,isouthardlm@va.gov,Female,Panama
780,Aurea,Penk,apenkln@nbcnews.com,Female,Sweden
781,Saba,Haydon,shaydonlo@i2i.jp,Female,Ireland
782,Zitella,Meader,zmeaderlp@vkontakte.ru,Female,Bolivia
783,Rosaleen,Feares,rfeareslq@smugmug.com,Female,Egypt
784,Clayson,Stuttard,cstuttardlr@wikispaces.com,Male,China
785,Carroll,Ellcome,cellcomels@jalbum.net,Male,China
786,Missy,Boorer,mboorerlt@free.fr,Female,Brazil
787,Aldwin,Djokic,adjokiclu@wikipedia.org,Male,Albania
788,Kat,Egglestone,kegglestonelv@oakley.com,Female,Afghanistan
789,Ferdy,Bemand,fbemandlw@sbwire.com,Male,China
790,Shaylynn,Normansell,snormanselllx@drupal.org,Female,Brazil
791,Rudy,Chapell,rchapellly@ca.gov,Male,Sweden
792,Phaedra,Pickton,ppicktonlz@usgs.gov,Female,Czech Republic
793,Tore,Kerley,tkerleym0@wufoo.com,Male,Argentina
794,Turner,Halfacre,thalfacrem1@sakura.ne.jp,Male,Costa Rica
795,Miquela,Machan,mmachanm2@deviantart.com,Female,Poland
796,Nicolai,Clubley,nclubleym3@zdnet.com,Male,Comoros
797,Sherwood,Downgate,sdowngatem4@infoseek.co.jp,Male,China
798,Denny,Baise,dbaisem5@europa.eu,Female,China
799,Niven,Frontczak,nfrontczakm6@house.gov,Male,Indonesia
800,Micah,Veldens,mveldensm7@wikia.com,Male,Croatia
801,Olag,Breffitt,obreffittm8@imdb.com,Male,China
802,Virginie,Tresler,vtreslerm9@tiny.cc,Female,Burkina Faso
803,Guy,Nissle,gnisslema@clickbank.net,Male,Portugal
804,Archy,Camden,acamdenmb@huffingtonpost.com,Male,Peru
805,Lamar,Budcock,lbudcockmc@disqus.com,Male,Belarus
806,Bradney,Hug,bhugmd@kickstarter.com,Male,Indonesia
807,Courtney,Domico,cdomicome@huffingtonpost.com,Male,Thailand
808,Germaine,Orpin,gorpinmf@hc360.com,Male,Indonesia
809,Brooks,Gwillim,bgwillimmg@economist.com,Female,Peru
810,Viviana,Matyasik,vmatyasikmh@newyorker.com,Female,United States
811,Aloin,Rawlingson,arawlingsonmi@uol.com.br,Male,Belarus
812,Durant,Restieaux,drestieauxmj@amazon.co.jp,Male,China
813,Torrie,Littledyke,tlittledykemk@wiley.com,Female,Kenya
814,Karlotte,VanBrugh,kvanbrughml@joomla.org,Female,Brazil
815,Cassondra,Flear,cflearmm@fotki.com,Female,Portugal
816,Christopher,Aubrey,caubreymn@phoca.cz,Male,Russia
817,Bartolemo,Olesen,bolesenmo@blinklist.com,Male,China
818,Nara,Leil,nleilmp@google.it,Female,Kenya
819,Ernst,Blanden,eblandenmq@jalbum.net,Male,Mozambique
820,Rory,Highwood,rhighwoodmr@newsvine.com,Male,Armenia
821,Connie,Labrenz,clabrenzms@springer.com,Female,Belarus
822,Aylmer,Nelmes,anelmesmt@techcrunch.com,Male,Portugal
823,Maura,Minget,mmingetmu@cloudflare.com,Female,Greece
824,Nadia,Tandy,ntandymv@behance.net,Female,Russia
825,Claudius,Crowe,ccrowemw@wunderground.com,Male,Czech Republic
826,Jenna,Felkin,jfelkinmx@wix.com,Female,Indonesia
827,Charo,Szantho,cszanthomy@quantcast.com,Female,Indonesia
828,Audrie,Gorger,agorgermz@dropbox.com,Female,Indonesia
829,Marlane,Fassmann,mfassmannn0@scribd.com,Female,China
830,Tiler,Richley,trichleyn1@wikipedia.org,Male,Russia
831,Sonny,Masarrat,smasarratn2@huffingtonpost.com,Female,Venezuela
832,Vail,Wheldon,vwheldonn3@cocolog-nifty.com,Male,China
833,Henderson,Lafrentz,hlafrentzn4@sitemeter.com,Male,Philippines
834,Dulcea,Banbrick,dbanbrickn5@163.com,Female,Cameroon
835,Kania,Tipper,ktippern6@jugem.jp,Female,China
836,Prentice,Marzello,pmarzellon7@google.es,Male,Russia
837,Kirbie,Bodycombe,kbodycomben8@constantcontact.com,Female,China
838,Nico,Maytum,nmaytumn9@vk.com,Male,China
839,Jere,Glantz,jglantzna@foxnews.com,Female,China
840,Colas,Chaplyn,cchaplynnb@ning.com,Male,Russia
841,Rosella,Keys,rkeysnc@example.com,Female,Thailand
842,April,Coppen,acoppennd@disqus.com,Female,Sweden
843,Doy,Cloughton,dcloughtonne@time.com,Male,Ukraine
844,Florella,Worviell,fworviellnf@google.com,Female,Macedonia
845,Pearce,Etherton,pethertonng@wp.com,Male,China
846,Lucien,Apark,laparknh@delicious.com,Male,Brazil
847,Moyra,Heliet,mhelietni@eventbrite.com,Female,Panama
848,Sampson,Skerritt,sskerrittnj@nymag.com,Male,Brazil
849,Pauline,Melton,pmeltonnk@scientificamerican.com,Female,Palestinian Territory
850,Dieter,Allcroft,dallcroftnl@imageshack.us,Male,Honduras
851,Giacomo,Chatell,gchatellnm@ning.com,Male,Japan
852,Alick,Aslam,aaslamnn@businessinsider.com,Male,Afghanistan
853,Shanan,McKinnon,smckinnonno@techcrunch.com,Male,Indonesia
854,Jedediah,Wisniowski,jwisniowskinp@nps.gov,Male,Indonesia
855,Siusan,Schult,sschultnq@unesco.org,Female,Andorra
856,Bartie,Cryer,bcryernr@dedecms.com,Male,Philippines
857,Gaspar,Little,glittlens@reference.com,Male,China
858,Evvy,Garlinge,egarlingent@sfgate.com,Female,France
859,Elwood,Easum,eeasumnu@istockphoto.com,Male,China
860,Otis,Kingswell,okingswellnv@archive.org,Male,Greece
861,Karylin,McCaughran,kmccaughrannw@altervista.org,Female,China
862,Martelle,McGiveen,mmcgiveennx@jigsy.com,Female,Brazil
863,Belicia,Osborne,bosborneny@google.com.br,Female,Canada
864,Sibyl,Gavagan,sgavagannz@unc.edu,Male,Bulgaria
865,Jourdain,Dufton,jduftono0@nsw.gov.au,Male,Slovenia
866,Ikey,Heineke,iheinekeo1@examiner.com,Male,Ukraine
867,Farand,Goodfellowe,fgoodfelloweo2@wiley.com,Female,China
868,Edvard,Rowan,erowano3@apple.com,Male,China
869,Delphine,Finlow,dfinlowo4@is.gd,Female,Cuba
870,Wayland,Sandwith,wsandwitho5@weather.com,Male,Spain
871,Garrard,Tomblings,gtomblingso6@yellowpages.com,Male,Colombia
872,Bailey,Elton,beltono7@google.ru,Male,China
873,Cody,Sharple,csharpleo8@salon.com,Female,Laos
874,Freddi,Tolliday,ftollidayo9@google.pl,Female,United Kingdom
875,Minnie,Rawes,mrawesoa@w3.org,Female,Indonesia
876,Ginnifer,Keeltagh,gkeeltaghob@about.me,Female,China
877,Trudi,Charlet,tcharletoc@histats.com,Female,Syria
878,Aguste,Verry,averryod@1688.com,Male,Mexico
879,Edith,Rehm,erehmoe@instagram.com,Female,Indonesia
880,Carolee,Kirwan,ckirwanof@shutterfly.com,Female,Pakistan
881,Homer,Selvey,hselveyog@about.com,Male,Saint Kitts and Nevis
882,Mickie,Reddell,mreddelloh@opera.com,Male,Afghanistan
883,Devin,Lightowlers,dlightowlersoi@domainmarket.com,Male,France
884,Arabelle,Booty,abootyoj@edublogs.org,Female,Philippines
885,Benn,Lermouth,blermouthok@ning.com,Male,Albania
886,Hyacinthie,Paddingdon,hpaddingdonol@ed.gov,Female,Mexico
887,Trenna,Alven,talvenom@cyberchimps.com,Female,Russia
888,Farlie,Caddell,fcaddellon@goodreads.com,Male,Canada
889,Shena,Cattermull,scattermulloo@amazonaws.com,Female,Argentina
890,Belita,Bendle,bbendleop@tinypic.com,Female,Greece
891,Nina,Speare,nspeareoq@4shared.com,Female,United States
892,Kit,Wickie,kwickieor@ebay.com,Male,Poland
893,Chane,Bartalot,cbartalotos@bloglovin.com,Male,China
894,Reynolds,Agar,ragarot@miibeian.gov.cn,Male,France
895,Ariel,Saladino,asaladinoou@gravatar.com,Female,China
896,Emilee,Striker,estrikerov@hostgator.com,Female,China
897,Gaspard,Wooder,gwooderow@51.la,Male,Indonesia
898,Sharleen,Rougier,srougierox@amazon.de,Female,Russia
899,Ewart,Fullerton,efullertonoy@tamu.edu,Male,Canada
900,Bryant,Martello,bmartellooz@cisco.com,Male,China
901,Lyle,Bodill,lbodillp0@cbslocal.com,Male,Japan
902,Annice,Mapother,amapotherp1@weebly.com,Female,Indonesia
903,Rodolph,L'Amie,rlamiep2@pen.io,Male,United States
904,Tremayne,Cobbled,tcobbledp3@topsy.com,Male,Czech Republic
905,Vladimir,Himsworth,vhimsworthp4@desdev.cn,Male,China
906,Mohammed,Harler,mharlerp5@accuweather.com,Male,China
907,Florinda,Calder,fcalderp6@merriam-webster.com,Female,Panama
908,Greg,Burd,gburdp7@loc.gov,Male,China
909,Philis,McKeaveney,pmckeaveneyp8@elegantthemes.com,Female,Lithuania
910,Denver,Adie,dadiep9@mlb.com,Male,Indonesia
911,Boniface,Dregan,bdreganpa@answers.com,Male,Russia
912,Konstantin,Currin,kcurrinpb@soundcloud.com,Male,South Africa
913,Boycey,Heffernon,bheffernonpc@goodreads.com,Male,Croatia
914,Kamilah,Derrell,kderrellpd@ucsd.edu,Female,Tanzania
915,Egor,Hardstaff,ehardstaffpe@unesco.org,Male,Greece
916,Darryl,Hathwood,dhathwoodpf@mayoclinic.com,Female,Brazil
917,Harmon,Pettiward,hpettiwardpg@twitpic.com,Male,Sweden
918,Nikaniki,Mariault,nmariaultph@dell.com,Female,Lithuania
919,Elsi,Fergyson,efergysonpi@apache.org,Female,Colombia
920,Ebeneser,Clashe,eclashepj@taobao.com,Male,Philippines
921,Lisle,Cottisford,lcottisfordpk@samsung.com,Male,China
922,Dalston,Kneale,dknealepl@dell.com,Male,Brazil
923,Jaquith,Tuttle,jtuttlepm@quantcast.com,Female,Poland
924,Lark,Corradino,lcorradinopn@ucoz.ru,Female,Nigeria
925,Ollie,Pragnell,opragnellpo@ted.com,Female,Albania
926,Tersina,Hartigan,thartiganpp@bing.com,Female,China
927,Avram,Houlson,ahoulsonpq@arizona.edu,Male,Sweden
928,Jane,Bagenal,jbagenalpr@trellian.com,Female,China
929,Estell,Cawkwell,ecawkwellps@whitehouse.gov,Female,Denmark
930,Franciskus,Staterfield,fstaterfieldpt@lycos.com,Male,Luxembourg
931,Jsandye,Becerro,jbecerropu@cbslocal.com,Female,Philippines
932,Erinn,Godbald,egodbaldpv@phoca.cz,Female,Pakistan
933,Anne,Mumford,amumfordpw@reuters.com,Female,Sweden
934,Monika,Gipson,mgipsonpx@cafepress.com,Female,Indonesia
935,Laurella,Beathem,lbeathempy@discovery.com,Female,Sweden
936,Obediah,Wisbey,owisbeypz@imageshack.us,Male,Poland
937,Prince,Petran,ppetranq0@squidoo.com,Male,United States
938,Bennett,Steckings,bsteckingsq1@admin.ch,Male,Poland
939,Tiffanie,Hasslocher,thasslocherq2@over-blog.com,Female,Japan
940,Marylinda,Lawie,mlawieq3@noaa.gov,Female,South Africa
941,Hunfredo,Booeln,hbooelnq4@howstuffworks.com,Male,Indonesia
942,Elisha,Demongeot,edemongeotq5@barnesandnoble.com,Female,China
943,Ravid,Benettolo,rbenettoloq6@usda.gov,Male,Czech Republic
944,Hermione,Audiss,haudissq7@pbs.org,Female,Brazil
945,Wilbur,Dando,wdandoq8@ihg.com,Male,Malaysia
946,Joletta,Schubuser,jschubuserq9@cargocollective.com,Female,China
947,Dasha,Dregan,ddreganqa@de.vu,Female,Russia
948,Lillis,Allchorn,lallchornqb@blinklist.com,Female,Russia
949,Hank,Rantoull,hrantoullqc@constantcontact.com,Male,China
950,Rori,Carek,rcarekqd@google.com.br,Female,China
951,Candice,Dallicott,cdallicottqe@springer.com,Female,China
952,Konstantine,Rushworth,krushworthqf@usgs.gov,Male,Philippines
953,Lawrence,Coppins,lcoppinsqg@behance.net,Male,Portugal
954,Cecil,Venners,cvennersqh@last.fm,Female,Colombia
955,Gardiner,Kellington,gkellingtonqi@addtoany.com,Male,Vietnam
956,Ransom,Aleevy,raleevyqj@google.pl,Male,Canada
957,Debora,Maidens,dmaidensqk@mail.ru,Female,Afghanistan
958,Boy,D'Alessandro,bdalessandroql@goodreads.com,Male,Croatia
959,Allie,Wille,awilleqm@hc360.com,Male,Mayotte
960,Gregorio,Flynn,gflynnqn@apple.com,Male,Uruguay
961,Morten,MacPaike,mmacpaikeqo@twitter.com,Male,Philippines
962,Reinaldos,Barday,rbardayqp@oaic.gov.au,Male,Indonesia
963,Veronique,Svanetti,vsvanettiqq@gravatar.com,Female,China
964,Guthrey,Hefforde,gheffordeqr@java.com,Male,Russia
965,Harv,MacFaul,hmacfaulqs@mail.ru,Male,Russia
966,Rudolfo,De Goey,rdegoeyqt@japanpost.jp,Male,China
967,Francis,MacCumeskey,fmaccumeskeyqu@nature.com,Male,Philippines
968,Ossie,Sine,osineqv@timesonline.co.uk,Male,Philippines
969,Devi,Tourne,dtourneqw@princeton.edu,Female,Colombia
970,Judye,Buxsey,jbuxseyqx@theatlantic.com,Female,Portugal
971,Abbi,Crollman,acrollmanqy@technorati.com,Female,Bangladesh
972,Meg,Filppetti,mfilppettiqz@princeton.edu,Female,Brazil
973,Olivia,Treadgear,otreadgearr0@virginia.edu,Female,Honduras
974,Therese,Kincey,tkinceyr1@nsw.gov.au,Female,China
975,Josselyn,Thody,jthodyr2@webnode.com,Female,Sweden
976,Augie,Tart,atartr3@businesswire.com,Male,Serbia
977,Jedidiah,Fraczkiewicz,jfraczkiewiczr4@mozilla.org,Male,Indonesia
978,Prudence,Nielson,pnielsonr5@spotify.com,Female,Indonesia
979,Ardella,Downgate,adowngater6@phpbb.com,Female,China
980,Jarred,Ricciardi,jricciardir7@1und1.de,Male,Indonesia
981,Nicolea,Thome,nthomer8@jiathis.com,Female,China
982,Sondra,Lamswood,slamswoodr9@ow.ly,Female,Indonesia
983,Wynn,Hounsom,whounsomra@edublogs.org,Female,Ukraine
984,Jackie,Ghione,jghionerb@360.cn,Male,Indonesia
985,Marylin,Bartolommeo,mbartolommeorc@yahoo.com,Female,Nicaragua
986,Trudy,Holdron,tholdronrd@xing.com,Female,China
987,Christie,Radeliffe,cradeliffere@sohu.com,Male,Philippines
988,Ferdie,Ary,faryrf@narod.ru,Male,Myanmar
989,Johan,Baldwin,jbaldwinrg@dropbox.com,Male,Ireland
990,Yul,Axcel,yaxcelrh@cbc.ca,Male,Brazil
991,Erv,Orum,eorumri@amazon.com,Male,Netherlands
992,Susie,MacAless,smacalessrj@accuweather.com,Female,Niger
993,Kaspar,Battell,kbattellrk@usatoday.com,Male,Austria
994,Licha,Yurtsev,lyurtsevrl@redcross.org,Female,China
995,Codee,Kovnot,ckovnotrm@wikispaces.com,Female,Spain
996,Xena,Trodd,xtroddrn@t-online.de,Female,Sweden
997,Tally,Winning,twinningro@baidu.com,Male,Indonesia
998,Ailee,Madders,amaddersrp@shutterfly.com,Female,Indonesia
999,Eddi,MacGarvey,emacgarveyrq@g.co,Female,Nicaragua
1000,Kellby,Fawlks,kfawlksrr@163.com,Male,Czech Republic
